text_id,cohesion,syntax,vocabulary,phraseology,grammar,conventions
0000C359D63E,3.055768380889151,2.7163412533705844,3.1207932504808436,3.006928306618991,2.4396783304006178,2.811904626434803
000BAD50D026,2.3775043080831293,2.5384195557988694,2.5428191102234923,2.276269510183383,2.254693749528411,2.4899757574660466
00367BB2546B,3.5729454571679877,3.3516701792217547,3.4881464464197007,3.39605328774514,3.6157726854533694,3.32608224145213
